Designator,Device,Footprint,Mid X,Mid Y,Ref X,Ref Y,Pad X,Pad Y,Layer,Rotation,SMD,Comment
"NEO16"	,"WS2815E"	,"LED-SMD_6P-L5.0-W5.0-TL"	,"136.763mm"	,"76.5mm"	,"136.763mm"	,"76.5mm"	,"139.163mm"	,"74.9mm"	,"T"	,"180"	,"Yes"	,"WS2815E"	,
"NEO15"	,"WS2815E"	,"LED-SMD_6P-L5.0-W5.0-TL"	,"128.263mm"	,"76.5mm"	,"128.263mm"	,"76.5mm"	,"130.663mm"	,"74.9mm"	,"T"	,"180"	,"Yes"	,"WS2815E"	,
"NEO14"	,"WS2815E"	,"LED-SMD_6P-L5.0-W5.0-TL"	,"119.763mm"	,"76.5mm"	,"119.763mm"	,"76.5mm"	,"122.163mm"	,"74.9mm"	,"T"	,"180"	,"Yes"	,"WS2815E"	,
"NEO13"	,"WS2815E"	,"LED-SMD_6P-L5.0-W5.0-TL"	,"111.263mm"	,"76.5mm"	,"111.263mm"	,"76.5mm"	,"113.663mm"	,"74.9mm"	,"T"	,"180"	,"Yes"	,"WS2815E"	,
"NEO12"	,"WS2815E"	,"LED-SMD_6P-L5.0-W5.0-TL"	,"102.763mm"	,"76.5mm"	,"102.763mm"	,"76.5mm"	,"105.163mm"	,"74.9mm"	,"T"	,"180"	,"Yes"	,"WS2815E"	,
"NEO11"	,"WS2815E"	,"LED-SMD_6P-L5.0-W5.0-TL"	,"94.263mm"	,"76.5mm"	,"94.263mm"	,"76.5mm"	,"96.663mm"	,"74.9mm"	,"T"	,"180"	,"Yes"	,"WS2815E"	,
"NEO10"	,"WS2815E"	,"LED-SMD_6P-L5.0-W5.0-TL"	,"85.763mm"	,"76.5mm"	,"85.763mm"	,"76.5mm"	,"88.163mm"	,"74.9mm"	,"T"	,"180"	,"Yes"	,"WS2815E"	,
"NEO9"	,"WS2815E"	,"LED-SMD_6P-L5.0-W5.0-TL"	,"77.263mm"	,"76.5mm"	,"77.263mm"	,"76.5mm"	,"79.663mm"	,"74.9mm"	,"T"	,"180"	,"Yes"	,"WS2815E"	,
"NEO8"	,"WS2815E"	,"LED-SMD_6P-L5.0-W5.0-TL"	,"68.763mm"	,"76.5mm"	,"68.763mm"	,"76.5mm"	,"71.163mm"	,"74.9mm"	,"T"	,"180"	,"Yes"	,"WS2815E"	,
"NEO7"	,"WS2815E"	,"LED-SMD_6P-L5.0-W5.0-TL"	,"60.263mm"	,"76.5mm"	,"60.263mm"	,"76.5mm"	,"62.663mm"	,"74.9mm"	,"T"	,"180"	,"Yes"	,"WS2815E"	,
"NEO6"	,"WS2815E"	,"LED-SMD_6P-L5.0-W5.0-TL"	,"51.763mm"	,"76.5mm"	,"51.763mm"	,"76.5mm"	,"54.163mm"	,"74.9mm"	,"T"	,"180"	,"Yes"	,"WS2815E"	,
"NEO5"	,"WS2815E"	,"LED-SMD_6P-L5.0-W5.0-TL"	,"43.263mm"	,"76.5mm"	,"43.263mm"	,"76.5mm"	,"45.663mm"	,"74.9mm"	,"T"	,"180"	,"Yes"	,"WS2815E"	,
"NEO4"	,"WS2815E"	,"LED-SMD_6P-L5.0-W5.0-TL"	,"34.763mm"	,"76.5mm"	,"34.763mm"	,"76.5mm"	,"37.163mm"	,"74.9mm"	,"T"	,"180"	,"Yes"	,"WS2815E"	,
"NEO3"	,"WS2815E"	,"LED-SMD_6P-L5.0-W5.0-TL"	,"26.263mm"	,"76.5mm"	,"26.263mm"	,"76.5mm"	,"28.663mm"	,"74.9mm"	,"T"	,"180"	,"Yes"	,"WS2815E"	,
"NEO2"	,"WS2815E"	,"LED-SMD_6P-L5.0-W5.0-TL"	,"17.763mm"	,"76.5mm"	,"17.763mm"	,"76.5mm"	,"20.163mm"	,"74.9mm"	,"T"	,"180"	,"Yes"	,"WS2815E"	,
"NEO1"	,"WS2815E"	,"LED-SMD_6P-L5.0-W5.0-TL"	,"9.263mm"	,"76.5mm"	,"9.263mm"	,"76.5mm"	,"11.663mm"	,"74.9mm"	,"T"	,"180"	,"Yes"	,"WS2815E"	,
"BC1"	,"CL03A104KO3NNNC"	,"C0201"	,"13.513mm"	,"74.9mm"	,"13.513mm"	,"74.9mm"	,"13.787mm"	,"74.9mm"	,"T"	,"180"	,"Yes"	,"100nF"	,
"BC2"	,"CL03A104KO3NNNC"	,"C0201"	,"22.013mm"	,"74.9mm"	,"22.013mm"	,"74.9mm"	,"22.287mm"	,"74.9mm"	,"T"	,"180"	,"Yes"	,"100nF"	,
"BC3"	,"CL03A104KO3NNNC"	,"C0201"	,"30.513mm"	,"74.9mm"	,"30.513mm"	,"74.9mm"	,"30.787mm"	,"74.9mm"	,"T"	,"180"	,"Yes"	,"100nF"	,
"BC4"	,"CL03A104KO3NNNC"	,"C0201"	,"39.013mm"	,"74.9mm"	,"39.013mm"	,"74.9mm"	,"39.287mm"	,"74.9mm"	,"T"	,"180"	,"Yes"	,"100nF"	,
"BC5"	,"CL03A104KO3NNNC"	,"C0201"	,"47.513mm"	,"74.9mm"	,"47.513mm"	,"74.9mm"	,"47.787mm"	,"74.9mm"	,"T"	,"180"	,"Yes"	,"100nF"	,
"BC6"	,"CL03A104KO3NNNC"	,"C0201"	,"56.013mm"	,"74.9mm"	,"56.013mm"	,"74.9mm"	,"56.287mm"	,"74.9mm"	,"T"	,"180"	,"Yes"	,"100nF"	,
"BC7"	,"CL03A104KO3NNNC"	,"C0201"	,"64.513mm"	,"74.9mm"	,"64.513mm"	,"74.9mm"	,"64.787mm"	,"74.9mm"	,"T"	,"180"	,"Yes"	,"100nF"	,
"BC8"	,"CL03A104KO3NNNC"	,"C0201"	,"73.013mm"	,"74.9mm"	,"73.013mm"	,"74.9mm"	,"73.287mm"	,"74.9mm"	,"T"	,"180"	,"Yes"	,"100nF"	,
"BC9"	,"CL03A104KO3NNNC"	,"C0201"	,"81.513mm"	,"74.9mm"	,"81.513mm"	,"74.9mm"	,"81.787mm"	,"74.9mm"	,"T"	,"180"	,"Yes"	,"100nF"	,
"BC10"	,"CL03A104KO3NNNC"	,"C0201"	,"90.013mm"	,"74.9mm"	,"90.013mm"	,"74.9mm"	,"90.287mm"	,"74.9mm"	,"T"	,"180"	,"Yes"	,"100nF"	,
"BC11"	,"CL03A104KO3NNNC"	,"C0201"	,"98.513mm"	,"74.9mm"	,"98.513mm"	,"74.9mm"	,"98.787mm"	,"74.9mm"	,"T"	,"180"	,"Yes"	,"100nF"	,
"BC12"	,"CL03A104KO3NNNC"	,"C0201"	,"107.013mm"	,"74.9mm"	,"107.013mm"	,"74.9mm"	,"107.287mm"	,"74.9mm"	,"T"	,"180"	,"Yes"	,"100nF"	,
"BC13"	,"CL03A104KO3NNNC"	,"C0201"	,"115.513mm"	,"74.9mm"	,"115.513mm"	,"74.9mm"	,"115.787mm"	,"74.9mm"	,"T"	,"180"	,"Yes"	,"100nF"	,
"BC14"	,"CL03A104KO3NNNC"	,"C0201"	,"124.013mm"	,"74.9mm"	,"124.013mm"	,"74.9mm"	,"124.287mm"	,"74.9mm"	,"T"	,"180"	,"Yes"	,"100nF"	,
"BC15"	,"CL03A104KO3NNNC"	,"C0201"	,"132.513mm"	,"74.9mm"	,"132.513mm"	,"74.9mm"	,"132.787mm"	,"74.9mm"	,"T"	,"180"	,"Yes"	,"100nF"	,
"BC16"	,"CL03A104KO3NNNC"	,"C0201"	,"141.013mm"	,"74.9mm"	,"141.013mm"	,"74.9mm"	,"141.287mm"	,"74.9mm"	,"T"	,"180"	,"Yes"	,"100nF"	,
"NEO32"	,"WS2815E"	,"LED-SMD_6P-L5.0-W5.0-TL"	,"136.763mm"	,"67.5mm"	,"136.763mm"	,"67.5mm"	,"139.163mm"	,"65.9mm"	,"T"	,"180"	,"Yes"	,"WS2815E"	,
"NEO31"	,"WS2815E"	,"LED-SMD_6P-L5.0-W5.0-TL"	,"128.263mm"	,"67.5mm"	,"128.263mm"	,"67.5mm"	,"130.663mm"	,"65.9mm"	,"T"	,"180"	,"Yes"	,"WS2815E"	,
"NEO30"	,"WS2815E"	,"LED-SMD_6P-L5.0-W5.0-TL"	,"119.763mm"	,"67.5mm"	,"119.763mm"	,"67.5mm"	,"122.163mm"	,"65.9mm"	,"T"	,"180"	,"Yes"	,"WS2815E"	,
"NEO29"	,"WS2815E"	,"LED-SMD_6P-L5.0-W5.0-TL"	,"111.263mm"	,"67.5mm"	,"111.263mm"	,"67.5mm"	,"113.663mm"	,"65.9mm"	,"T"	,"180"	,"Yes"	,"WS2815E"	,
"NEO28"	,"WS2815E"	,"LED-SMD_6P-L5.0-W5.0-TL"	,"102.763mm"	,"67.5mm"	,"102.763mm"	,"67.5mm"	,"105.163mm"	,"65.9mm"	,"T"	,"180"	,"Yes"	,"WS2815E"	,
"NEO27"	,"WS2815E"	,"LED-SMD_6P-L5.0-W5.0-TL"	,"94.263mm"	,"67.5mm"	,"94.263mm"	,"67.5mm"	,"96.663mm"	,"65.9mm"	,"T"	,"180"	,"Yes"	,"WS2815E"	,
"NEO26"	,"WS2815E"	,"LED-SMD_6P-L5.0-W5.0-TL"	,"85.763mm"	,"67.5mm"	,"85.763mm"	,"67.5mm"	,"88.163mm"	,"65.9mm"	,"T"	,"180"	,"Yes"	,"WS2815E"	,
"NEO25"	,"WS2815E"	,"LED-SMD_6P-L5.0-W5.0-TL"	,"77.263mm"	,"67.5mm"	,"77.263mm"	,"67.5mm"	,"79.663mm"	,"65.9mm"	,"T"	,"180"	,"Yes"	,"WS2815E"	,
"NEO24"	,"WS2815E"	,"LED-SMD_6P-L5.0-W5.0-TL"	,"68.763mm"	,"67.5mm"	,"68.763mm"	,"67.5mm"	,"71.163mm"	,"65.9mm"	,"T"	,"180"	,"Yes"	,"WS2815E"	,
"NEO23"	,"WS2815E"	,"LED-SMD_6P-L5.0-W5.0-TL"	,"60.263mm"	,"67.5mm"	,"60.263mm"	,"67.5mm"	,"62.663mm"	,"65.9mm"	,"T"	,"180"	,"Yes"	,"WS2815E"	,
"NEO22"	,"WS2815E"	,"LED-SMD_6P-L5.0-W5.0-TL"	,"51.763mm"	,"67.5mm"	,"51.763mm"	,"67.5mm"	,"54.163mm"	,"65.9mm"	,"T"	,"180"	,"Yes"	,"WS2815E"	,
"NEO21"	,"WS2815E"	,"LED-SMD_6P-L5.0-W5.0-TL"	,"43.263mm"	,"67.5mm"	,"43.263mm"	,"67.5mm"	,"45.663mm"	,"65.9mm"	,"T"	,"180"	,"Yes"	,"WS2815E"	,
"NEO20"	,"WS2815E"	,"LED-SMD_6P-L5.0-W5.0-TL"	,"34.763mm"	,"67.5mm"	,"34.763mm"	,"67.5mm"	,"37.163mm"	,"65.9mm"	,"T"	,"180"	,"Yes"	,"WS2815E"	,
"NEO19"	,"WS2815E"	,"LED-SMD_6P-L5.0-W5.0-TL"	,"26.263mm"	,"67.5mm"	,"26.263mm"	,"67.5mm"	,"28.663mm"	,"65.9mm"	,"T"	,"180"	,"Yes"	,"WS2815E"	,
"NEO18"	,"WS2815E"	,"LED-SMD_6P-L5.0-W5.0-TL"	,"17.763mm"	,"67.5mm"	,"17.763mm"	,"67.5mm"	,"20.163mm"	,"65.9mm"	,"T"	,"180"	,"Yes"	,"WS2815E"	,
"NEO17"	,"WS2815E"	,"LED-SMD_6P-L5.0-W5.0-TL"	,"9.263mm"	,"67.5mm"	,"9.263mm"	,"67.5mm"	,"11.663mm"	,"65.9mm"	,"T"	,"180"	,"Yes"	,"WS2815E"	,
"BC17"	,"CL03A104KO3NNNC"	,"C0201"	,"13.513mm"	,"65.9mm"	,"13.513mm"	,"65.9mm"	,"13.787mm"	,"65.9mm"	,"T"	,"180"	,"Yes"	,"100nF"	,
"BC18"	,"CL03A104KO3NNNC"	,"C0201"	,"22.013mm"	,"65.9mm"	,"22.013mm"	,"65.9mm"	,"22.287mm"	,"65.9mm"	,"T"	,"180"	,"Yes"	,"100nF"	,
"BC19"	,"CL03A104KO3NNNC"	,"C0201"	,"30.513mm"	,"65.9mm"	,"30.513mm"	,"65.9mm"	,"30.787mm"	,"65.9mm"	,"T"	,"180"	,"Yes"	,"100nF"	,
"BC20"	,"CL03A104KO3NNNC"	,"C0201"	,"39.013mm"	,"65.9mm"	,"39.013mm"	,"65.9mm"	,"39.287mm"	,"65.9mm"	,"T"	,"180"	,"Yes"	,"100nF"	,
"BC21"	,"CL03A104KO3NNNC"	,"C0201"	,"47.513mm"	,"65.9mm"	,"47.513mm"	,"65.9mm"	,"47.787mm"	,"65.9mm"	,"T"	,"180"	,"Yes"	,"100nF"	,
"BC22"	,"CL03A104KO3NNNC"	,"C0201"	,"56.013mm"	,"65.9mm"	,"56.013mm"	,"65.9mm"	,"56.287mm"	,"65.9mm"	,"T"	,"180"	,"Yes"	,"100nF"	,
"BC23"	,"CL03A104KO3NNNC"	,"C0201"	,"64.513mm"	,"65.9mm"	,"64.513mm"	,"65.9mm"	,"64.787mm"	,"65.9mm"	,"T"	,"180"	,"Yes"	,"100nF"	,
"BC24"	,"CL03A104KO3NNNC"	,"C0201"	,"73.013mm"	,"65.9mm"	,"73.013mm"	,"65.9mm"	,"73.287mm"	,"65.9mm"	,"T"	,"180"	,"Yes"	,"100nF"	,
"BC25"	,"CL03A104KO3NNNC"	,"C0201"	,"81.513mm"	,"65.9mm"	,"81.513mm"	,"65.9mm"	,"81.787mm"	,"65.9mm"	,"T"	,"180"	,"Yes"	,"100nF"	,
"BC26"	,"CL03A104KO3NNNC"	,"C0201"	,"90.013mm"	,"65.9mm"	,"90.013mm"	,"65.9mm"	,"90.287mm"	,"65.9mm"	,"T"	,"180"	,"Yes"	,"100nF"	,
"BC27"	,"CL03A104KO3NNNC"	,"C0201"	,"98.513mm"	,"65.9mm"	,"98.513mm"	,"65.9mm"	,"98.787mm"	,"65.9mm"	,"T"	,"180"	,"Yes"	,"100nF"	,
"BC28"	,"CL03A104KO3NNNC"	,"C0201"	,"107.013mm"	,"65.9mm"	,"107.013mm"	,"65.9mm"	,"107.287mm"	,"65.9mm"	,"T"	,"180"	,"Yes"	,"100nF"	,
"BC29"	,"CL03A104KO3NNNC"	,"C0201"	,"115.513mm"	,"65.9mm"	,"115.513mm"	,"65.9mm"	,"115.787mm"	,"65.9mm"	,"T"	,"180"	,"Yes"	,"100nF"	,
"BC30"	,"CL03A104KO3NNNC"	,"C0201"	,"124.013mm"	,"65.9mm"	,"124.013mm"	,"65.9mm"	,"124.287mm"	,"65.9mm"	,"T"	,"180"	,"Yes"	,"100nF"	,
"BC31"	,"CL03A104KO3NNNC"	,"C0201"	,"132.513mm"	,"65.9mm"	,"132.513mm"	,"65.9mm"	,"132.787mm"	,"65.9mm"	,"T"	,"180"	,"Yes"	,"100nF"	,
"BC32"	,"CL03A104KO3NNNC"	,"C0201"	,"141.013mm"	,"65.9mm"	,"141.013mm"	,"65.9mm"	,"141.287mm"	,"65.9mm"	,"T"	,"180"	,"Yes"	,"100nF"	,
"NEO48"	,"WS2815E"	,"LED-SMD_6P-L5.0-W5.0-TL"	,"136.763mm"	,"58.5mm"	,"136.763mm"	,"58.5mm"	,"139.163mm"	,"56.9mm"	,"T"	,"180"	,"Yes"	,"WS2815E"	,
"NEO47"	,"WS2815E"	,"LED-SMD_6P-L5.0-W5.0-TL"	,"128.263mm"	,"58.5mm"	,"128.263mm"	,"58.5mm"	,"130.663mm"	,"56.9mm"	,"T"	,"180"	,"Yes"	,"WS2815E"	,
"NEO46"	,"WS2815E"	,"LED-SMD_6P-L5.0-W5.0-TL"	,"119.763mm"	,"58.5mm"	,"119.763mm"	,"58.5mm"	,"122.163mm"	,"56.9mm"	,"T"	,"180"	,"Yes"	,"WS2815E"	,
"NEO45"	,"WS2815E"	,"LED-SMD_6P-L5.0-W5.0-TL"	,"111.263mm"	,"58.5mm"	,"111.263mm"	,"58.5mm"	,"113.663mm"	,"56.9mm"	,"T"	,"180"	,"Yes"	,"WS2815E"	,
"NEO44"	,"WS2815E"	,"LED-SMD_6P-L5.0-W5.0-TL"	,"102.763mm"	,"58.5mm"	,"102.763mm"	,"58.5mm"	,"105.163mm"	,"56.9mm"	,"T"	,"180"	,"Yes"	,"WS2815E"	,
"NEO43"	,"WS2815E"	,"LED-SMD_6P-L5.0-W5.0-TL"	,"94.263mm"	,"58.5mm"	,"94.263mm"	,"58.5mm"	,"96.663mm"	,"56.9mm"	,"T"	,"180"	,"Yes"	,"WS2815E"	,
"NEO42"	,"WS2815E"	,"LED-SMD_6P-L5.0-W5.0-TL"	,"85.763mm"	,"58.5mm"	,"85.763mm"	,"58.5mm"	,"88.163mm"	,"56.9mm"	,"T"	,"180"	,"Yes"	,"WS2815E"	,
"NEO41"	,"WS2815E"	,"LED-SMD_6P-L5.0-W5.0-TL"	,"77.263mm"	,"58.5mm"	,"77.263mm"	,"58.5mm"	,"79.663mm"	,"56.9mm"	,"T"	,"180"	,"Yes"	,"WS2815E"	,
"NEO40"	,"WS2815E"	,"LED-SMD_6P-L5.0-W5.0-TL"	,"68.763mm"	,"58.5mm"	,"68.763mm"	,"58.5mm"	,"71.163mm"	,"56.9mm"	,"T"	,"180"	,"Yes"	,"WS2815E"	,
"NEO39"	,"WS2815E"	,"LED-SMD_6P-L5.0-W5.0-TL"	,"60.263mm"	,"58.5mm"	,"60.263mm"	,"58.5mm"	,"62.663mm"	,"56.9mm"	,"T"	,"180"	,"Yes"	,"WS2815E"	,
"NEO38"	,"WS2815E"	,"LED-SMD_6P-L5.0-W5.0-TL"	,"51.763mm"	,"58.5mm"	,"51.763mm"	,"58.5mm"	,"54.163mm"	,"56.9mm"	,"T"	,"180"	,"Yes"	,"WS2815E"	,
"NEO37"	,"WS2815E"	,"LED-SMD_6P-L5.0-W5.0-TL"	,"43.263mm"	,"58.5mm"	,"43.263mm"	,"58.5mm"	,"45.663mm"	,"56.9mm"	,"T"	,"180"	,"Yes"	,"WS2815E"	,
"NEO36"	,"WS2815E"	,"LED-SMD_6P-L5.0-W5.0-TL"	,"34.763mm"	,"58.5mm"	,"34.763mm"	,"58.5mm"	,"37.163mm"	,"56.9mm"	,"T"	,"180"	,"Yes"	,"WS2815E"	,
"NEO35"	,"WS2815E"	,"LED-SMD_6P-L5.0-W5.0-TL"	,"26.263mm"	,"58.5mm"	,"26.263mm"	,"58.5mm"	,"28.663mm"	,"56.9mm"	,"T"	,"180"	,"Yes"	,"WS2815E"	,
"NEO34"	,"WS2815E"	,"LED-SMD_6P-L5.0-W5.0-TL"	,"17.763mm"	,"58.5mm"	,"17.763mm"	,"58.5mm"	,"20.163mm"	,"56.9mm"	,"T"	,"180"	,"Yes"	,"WS2815E"	,
"NEO33"	,"WS2815E"	,"LED-SMD_6P-L5.0-W5.0-TL"	,"9.263mm"	,"58.5mm"	,"9.263mm"	,"58.5mm"	,"11.663mm"	,"56.9mm"	,"T"	,"180"	,"Yes"	,"WS2815E"	,
"BC33"	,"CL03A104KO3NNNC"	,"C0201"	,"13.513mm"	,"56.9mm"	,"13.513mm"	,"56.9mm"	,"13.787mm"	,"56.9mm"	,"T"	,"180"	,"Yes"	,"100nF"	,
"BC34"	,"CL03A104KO3NNNC"	,"C0201"	,"22.013mm"	,"56.9mm"	,"22.013mm"	,"56.9mm"	,"22.287mm"	,"56.9mm"	,"T"	,"180"	,"Yes"	,"100nF"	,
"BC35"	,"CL03A104KO3NNNC"	,"C0201"	,"30.513mm"	,"56.9mm"	,"30.513mm"	,"56.9mm"	,"30.787mm"	,"56.9mm"	,"T"	,"180"	,"Yes"	,"100nF"	,
"BC36"	,"CL03A104KO3NNNC"	,"C0201"	,"39.013mm"	,"56.9mm"	,"39.013mm"	,"56.9mm"	,"39.287mm"	,"56.9mm"	,"T"	,"180"	,"Yes"	,"100nF"	,
"BC37"	,"CL03A104KO3NNNC"	,"C0201"	,"47.513mm"	,"56.9mm"	,"47.513mm"	,"56.9mm"	,"47.787mm"	,"56.9mm"	,"T"	,"180"	,"Yes"	,"100nF"	,
"BC38"	,"CL03A104KO3NNNC"	,"C0201"	,"56.013mm"	,"56.9mm"	,"56.013mm"	,"56.9mm"	,"56.287mm"	,"56.9mm"	,"T"	,"180"	,"Yes"	,"100nF"	,
"BC39"	,"CL03A104KO3NNNC"	,"C0201"	,"64.513mm"	,"56.9mm"	,"64.513mm"	,"56.9mm"	,"64.787mm"	,"56.9mm"	,"T"	,"180"	,"Yes"	,"100nF"	,
"BC40"	,"CL03A104KO3NNNC"	,"C0201"	,"73.013mm"	,"56.9mm"	,"73.013mm"	,"56.9mm"	,"73.287mm"	,"56.9mm"	,"T"	,"180"	,"Yes"	,"100nF"	,
"BC41"	,"CL03A104KO3NNNC"	,"C0201"	,"81.513mm"	,"56.9mm"	,"81.513mm"	,"56.9mm"	,"81.787mm"	,"56.9mm"	,"T"	,"180"	,"Yes"	,"100nF"	,
"BC42"	,"CL03A104KO3NNNC"	,"C0201"	,"90.013mm"	,"56.9mm"	,"90.013mm"	,"56.9mm"	,"90.287mm"	,"56.9mm"	,"T"	,"180"	,"Yes"	,"100nF"	,
"BC43"	,"CL03A104KO3NNNC"	,"C0201"	,"98.513mm"	,"56.9mm"	,"98.513mm"	,"56.9mm"	,"98.787mm"	,"56.9mm"	,"T"	,"180"	,"Yes"	,"100nF"	,
"BC44"	,"CL03A104KO3NNNC"	,"C0201"	,"107.013mm"	,"56.9mm"	,"107.013mm"	,"56.9mm"	,"107.287mm"	,"56.9mm"	,"T"	,"180"	,"Yes"	,"100nF"	,
"BC45"	,"CL03A104KO3NNNC"	,"C0201"	,"115.513mm"	,"56.9mm"	,"115.513mm"	,"56.9mm"	,"115.787mm"	,"56.9mm"	,"T"	,"180"	,"Yes"	,"100nF"	,
"BC46"	,"CL03A104KO3NNNC"	,"C0201"	,"124.013mm"	,"56.9mm"	,"124.013mm"	,"56.9mm"	,"124.287mm"	,"56.9mm"	,"T"	,"180"	,"Yes"	,"100nF"	,
"BC47"	,"CL03A104KO3NNNC"	,"C0201"	,"132.513mm"	,"56.9mm"	,"132.513mm"	,"56.9mm"	,"132.787mm"	,"56.9mm"	,"T"	,"180"	,"Yes"	,"100nF"	,
"BC48"	,"CL03A104KO3NNNC"	,"C0201"	,"141.013mm"	,"56.9mm"	,"141.013mm"	,"56.9mm"	,"141.287mm"	,"56.9mm"	,"T"	,"180"	,"Yes"	,"100nF"	,
"NEO64"	,"WS2815E"	,"LED-SMD_6P-L5.0-W5.0-TL"	,"136.763mm"	,"49.5mm"	,"136.763mm"	,"49.5mm"	,"139.163mm"	,"47.9mm"	,"T"	,"180"	,"Yes"	,"WS2815E"	,
"NEO63"	,"WS2815E"	,"LED-SMD_6P-L5.0-W5.0-TL"	,"128.2mm"	,"49.5mm"	,"128.2mm"	,"49.5mm"	,"130.6mm"	,"47.9mm"	,"T"	,"180"	,"Yes"	,"WS2815E"	,
"NEO62"	,"WS2815E"	,"LED-SMD_6P-L5.0-W5.0-TL"	,"119.763mm"	,"49.5mm"	,"119.763mm"	,"49.5mm"	,"122.163mm"	,"47.9mm"	,"T"	,"180"	,"Yes"	,"WS2815E"	,
"NEO61"	,"WS2815E"	,"LED-SMD_6P-L5.0-W5.0-TL"	,"111.263mm"	,"49.5mm"	,"111.263mm"	,"49.5mm"	,"113.663mm"	,"47.9mm"	,"T"	,"180"	,"Yes"	,"WS2815E"	,
"NEO60"	,"WS2815E"	,"LED-SMD_6P-L5.0-W5.0-TL"	,"102.763mm"	,"49.5mm"	,"102.763mm"	,"49.5mm"	,"105.163mm"	,"47.9mm"	,"T"	,"180"	,"Yes"	,"WS2815E"	,
"NEO59"	,"WS2815E"	,"LED-SMD_6P-L5.0-W5.0-TL"	,"94.263mm"	,"49.5mm"	,"94.263mm"	,"49.5mm"	,"96.663mm"	,"47.9mm"	,"T"	,"180"	,"Yes"	,"WS2815E"	,
"NEO58"	,"WS2815E"	,"LED-SMD_6P-L5.0-W5.0-TL"	,"85.763mm"	,"49.5mm"	,"85.763mm"	,"49.5mm"	,"88.163mm"	,"47.9mm"	,"T"	,"180"	,"Yes"	,"WS2815E"	,
"NEO57"	,"WS2815E"	,"LED-SMD_6P-L5.0-W5.0-TL"	,"77.263mm"	,"49.5mm"	,"77.263mm"	,"49.5mm"	,"79.663mm"	,"47.9mm"	,"T"	,"180"	,"Yes"	,"WS2815E"	,
"NEO56"	,"WS2815E"	,"LED-SMD_6P-L5.0-W5.0-TL"	,"68.763mm"	,"49.5mm"	,"68.763mm"	,"49.5mm"	,"71.163mm"	,"47.9mm"	,"T"	,"180"	,"Yes"	,"WS2815E"	,
"NEO55"	,"WS2815E"	,"LED-SMD_6P-L5.0-W5.0-TL"	,"60.263mm"	,"49.5mm"	,"60.263mm"	,"49.5mm"	,"62.663mm"	,"47.9mm"	,"T"	,"180"	,"Yes"	,"WS2815E"	,
"NEO54"	,"WS2815E"	,"LED-SMD_6P-L5.0-W5.0-TL"	,"51.763mm"	,"49.5mm"	,"51.763mm"	,"49.5mm"	,"54.163mm"	,"47.9mm"	,"T"	,"180"	,"Yes"	,"WS2815E"	,
"NEO53"	,"WS2815E"	,"LED-SMD_6P-L5.0-W5.0-TL"	,"43.263mm"	,"49.5mm"	,"43.263mm"	,"49.5mm"	,"45.663mm"	,"47.9mm"	,"T"	,"180"	,"Yes"	,"WS2815E"	,
"NEO52"	,"WS2815E"	,"LED-SMD_6P-L5.0-W5.0-TL"	,"34.763mm"	,"49.5mm"	,"34.763mm"	,"49.5mm"	,"37.163mm"	,"47.9mm"	,"T"	,"180"	,"Yes"	,"WS2815E"	,
"NEO51"	,"WS2815E"	,"LED-SMD_6P-L5.0-W5.0-TL"	,"26.263mm"	,"49.5mm"	,"26.263mm"	,"49.5mm"	,"28.663mm"	,"47.9mm"	,"T"	,"180"	,"Yes"	,"WS2815E"	,
"NEO50"	,"WS2815E"	,"LED-SMD_6P-L5.0-W5.0-TL"	,"17.763mm"	,"49.5mm"	,"17.763mm"	,"49.5mm"	,"20.163mm"	,"47.9mm"	,"T"	,"180"	,"Yes"	,"WS2815E"	,
"NEO49"	,"WS2815E"	,"LED-SMD_6P-L5.0-W5.0-TL"	,"9.263mm"	,"49.5mm"	,"9.263mm"	,"49.5mm"	,"11.663mm"	,"47.9mm"	,"T"	,"180"	,"Yes"	,"WS2815E"	,
"BC49"	,"CL03A104KO3NNNC"	,"C0201"	,"13.513mm"	,"47.9mm"	,"13.513mm"	,"47.9mm"	,"13.787mm"	,"47.9mm"	,"T"	,"180"	,"Yes"	,"100nF"	,
"BC50"	,"CL03A104KO3NNNC"	,"C0201"	,"22.013mm"	,"47.9mm"	,"22.013mm"	,"47.9mm"	,"22.287mm"	,"47.9mm"	,"T"	,"180"	,"Yes"	,"100nF"	,
"BC51"	,"CL03A104KO3NNNC"	,"C0201"	,"30.513mm"	,"47.9mm"	,"30.513mm"	,"47.9mm"	,"30.787mm"	,"47.9mm"	,"T"	,"180"	,"Yes"	,"100nF"	,
"BC52"	,"CL03A104KO3NNNC"	,"C0201"	,"39.013mm"	,"47.9mm"	,"39.013mm"	,"47.9mm"	,"39.287mm"	,"47.9mm"	,"T"	,"180"	,"Yes"	,"100nF"	,
"BC53"	,"CL03A104KO3NNNC"	,"C0201"	,"47.513mm"	,"47.9mm"	,"47.513mm"	,"47.9mm"	,"47.787mm"	,"47.9mm"	,"T"	,"180"	,"Yes"	,"100nF"	,
"BC54"	,"CL03A104KO3NNNC"	,"C0201"	,"56.013mm"	,"47.9mm"	,"56.013mm"	,"47.9mm"	,"56.287mm"	,"47.9mm"	,"T"	,"180"	,"Yes"	,"100nF"	,
"BC55"	,"CL03A104KO3NNNC"	,"C0201"	,"64.513mm"	,"47.9mm"	,"64.513mm"	,"47.9mm"	,"64.787mm"	,"47.9mm"	,"T"	,"180"	,"Yes"	,"100nF"	,
"BC56"	,"CL03A104KO3NNNC"	,"C0201"	,"73.013mm"	,"47.9mm"	,"73.013mm"	,"47.9mm"	,"73.287mm"	,"47.9mm"	,"T"	,"180"	,"Yes"	,"100nF"	,
"BC57"	,"CL03A104KO3NNNC"	,"C0201"	,"81.513mm"	,"47.9mm"	,"81.513mm"	,"47.9mm"	,"81.787mm"	,"47.9mm"	,"T"	,"180"	,"Yes"	,"100nF"	,
"BC58"	,"CL03A104KO3NNNC"	,"C0201"	,"90.013mm"	,"47.9mm"	,"90.013mm"	,"47.9mm"	,"90.287mm"	,"47.9mm"	,"T"	,"180"	,"Yes"	,"100nF"	,
"BC59"	,"CL03A104KO3NNNC"	,"C0201"	,"98.513mm"	,"47.9mm"	,"98.513mm"	,"47.9mm"	,"98.787mm"	,"47.9mm"	,"T"	,"180"	,"Yes"	,"100nF"	,
"BC60"	,"CL03A104KO3NNNC"	,"C0201"	,"107.013mm"	,"47.9mm"	,"107.013mm"	,"47.9mm"	,"107.287mm"	,"47.9mm"	,"T"	,"180"	,"Yes"	,"100nF"	,
"BC61"	,"CL03A104KO3NNNC"	,"C0201"	,"115.513mm"	,"47.9mm"	,"115.513mm"	,"47.9mm"	,"115.787mm"	,"47.9mm"	,"T"	,"180"	,"Yes"	,"100nF"	,
"BC62"	,"CL03A104KO3NNNC"	,"C0201"	,"124.013mm"	,"47.9mm"	,"124.013mm"	,"47.9mm"	,"124.287mm"	,"47.9mm"	,"T"	,"180"	,"Yes"	,"100nF"	,
"BC63"	,"CL03A104KO3NNNC"	,"C0201"	,"132.513mm"	,"47.9mm"	,"132.513mm"	,"47.9mm"	,"132.787mm"	,"47.9mm"	,"T"	,"180"	,"Yes"	,"100nF"	,
"BC64"	,"CL03A104KO3NNNC"	,"C0201"	,"141.013mm"	,"47.9mm"	,"141.013mm"	,"47.9mm"	,"141.287mm"	,"47.9mm"	,"T"	,"180"	,"Yes"	,"100nF"	,
"NEO65"	,"WS2815E"	,"LED-SMD_6P-L5.0-W5.0-TL"	,"9.263mm"	,"40.5mm"	,"9.263mm"	,"40.5mm"	,"11.663mm"	,"38.9mm"	,"T"	,"180"	,"Yes"	,"WS2815E"	,
"NEO66"	,"WS2815E"	,"LED-SMD_6P-L5.0-W5.0-TL"	,"17.763mm"	,"40.5mm"	,"17.763mm"	,"40.5mm"	,"20.163mm"	,"38.9mm"	,"T"	,"180"	,"Yes"	,"WS2815E"	,
"NEO67"	,"WS2815E"	,"LED-SMD_6P-L5.0-W5.0-TL"	,"26.263mm"	,"40.5mm"	,"26.263mm"	,"40.5mm"	,"28.663mm"	,"38.9mm"	,"T"	,"180"	,"Yes"	,"WS2815E"	,
"NEO68"	,"WS2815E"	,"LED-SMD_6P-L5.0-W5.0-TL"	,"34.763mm"	,"40.5mm"	,"34.763mm"	,"40.5mm"	,"37.163mm"	,"38.9mm"	,"T"	,"180"	,"Yes"	,"WS2815E"	,
"NEO69"	,"WS2815E"	,"LED-SMD_6P-L5.0-W5.0-TL"	,"43.263mm"	,"40.5mm"	,"43.263mm"	,"40.5mm"	,"45.663mm"	,"38.9mm"	,"T"	,"180"	,"Yes"	,"WS2815E"	,
"NEO70"	,"WS2815E"	,"LED-SMD_6P-L5.0-W5.0-TL"	,"51.763mm"	,"40.5mm"	,"51.763mm"	,"40.5mm"	,"54.163mm"	,"38.9mm"	,"T"	,"180"	,"Yes"	,"WS2815E"	,
"NEO71"	,"WS2815E"	,"LED-SMD_6P-L5.0-W5.0-TL"	,"60.263mm"	,"40.5mm"	,"60.263mm"	,"40.5mm"	,"62.663mm"	,"38.9mm"	,"T"	,"180"	,"Yes"	,"WS2815E"	,
"NEO72"	,"WS2815E"	,"LED-SMD_6P-L5.0-W5.0-TL"	,"68.763mm"	,"40.5mm"	,"68.763mm"	,"40.5mm"	,"71.163mm"	,"38.9mm"	,"T"	,"180"	,"Yes"	,"WS2815E"	,
"NEO73"	,"WS2815E"	,"LED-SMD_6P-L5.0-W5.0-TL"	,"77.263mm"	,"40.5mm"	,"77.263mm"	,"40.5mm"	,"79.663mm"	,"38.9mm"	,"T"	,"180"	,"Yes"	,"WS2815E"	,
"NEO74"	,"WS2815E"	,"LED-SMD_6P-L5.0-W5.0-TL"	,"85.763mm"	,"40.5mm"	,"85.763mm"	,"40.5mm"	,"88.163mm"	,"38.9mm"	,"T"	,"180"	,"Yes"	,"WS2815E"	,
"NEO75"	,"WS2815E"	,"LED-SMD_6P-L5.0-W5.0-TL"	,"94.263mm"	,"40.5mm"	,"94.263mm"	,"40.5mm"	,"96.663mm"	,"38.9mm"	,"T"	,"180"	,"Yes"	,"WS2815E"	,
"NEO76"	,"WS2815E"	,"LED-SMD_6P-L5.0-W5.0-TL"	,"102.763mm"	,"40.5mm"	,"102.763mm"	,"40.5mm"	,"105.163mm"	,"38.9mm"	,"T"	,"180"	,"Yes"	,"WS2815E"	,
"NEO77"	,"WS2815E"	,"LED-SMD_6P-L5.0-W5.0-TL"	,"111.263mm"	,"40.5mm"	,"111.263mm"	,"40.5mm"	,"113.663mm"	,"38.9mm"	,"T"	,"180"	,"Yes"	,"WS2815E"	,
"NEO78"	,"WS2815E"	,"LED-SMD_6P-L5.0-W5.0-TL"	,"119.763mm"	,"40.5mm"	,"119.763mm"	,"40.5mm"	,"122.163mm"	,"38.9mm"	,"T"	,"180"	,"Yes"	,"WS2815E"	,
"NEO79"	,"WS2815E"	,"LED-SMD_6P-L5.0-W5.0-TL"	,"128.263mm"	,"40.5mm"	,"128.263mm"	,"40.5mm"	,"130.663mm"	,"38.9mm"	,"T"	,"180"	,"Yes"	,"WS2815E"	,
"NEO80"	,"WS2815E"	,"LED-SMD_6P-L5.0-W5.0-TL"	,"136.763mm"	,"40.5mm"	,"136.763mm"	,"40.5mm"	,"139.163mm"	,"38.9mm"	,"T"	,"180"	,"Yes"	,"WS2815E"	,
"BC65"	,"CL03A104KO3NNNC"	,"C0201"	,"13.513mm"	,"38.9mm"	,"13.513mm"	,"38.9mm"	,"13.787mm"	,"38.9mm"	,"T"	,"180"	,"Yes"	,"100nF"	,
"BC66"	,"CL03A104KO3NNNC"	,"C0201"	,"22.013mm"	,"38.9mm"	,"22.013mm"	,"38.9mm"	,"22.287mm"	,"38.9mm"	,"T"	,"180"	,"Yes"	,"100nF"	,
"BC67"	,"CL03A104KO3NNNC"	,"C0201"	,"30.513mm"	,"38.9mm"	,"30.513mm"	,"38.9mm"	,"30.787mm"	,"38.9mm"	,"T"	,"180"	,"Yes"	,"100nF"	,
"BC68"	,"CL03A104KO3NNNC"	,"C0201"	,"39.013mm"	,"38.9mm"	,"39.013mm"	,"38.9mm"	,"39.287mm"	,"38.9mm"	,"T"	,"180"	,"Yes"	,"100nF"	,
"BC69"	,"CL03A104KO3NNNC"	,"C0201"	,"47.513mm"	,"38.9mm"	,"47.513mm"	,"38.9mm"	,"47.787mm"	,"38.9mm"	,"T"	,"180"	,"Yes"	,"100nF"	,
"BC70"	,"CL03A104KO3NNNC"	,"C0201"	,"56.013mm"	,"38.9mm"	,"56.013mm"	,"38.9mm"	,"56.287mm"	,"38.9mm"	,"T"	,"180"	,"Yes"	,"100nF"	,
"BC71"	,"CL03A104KO3NNNC"	,"C0201"	,"64.513mm"	,"38.9mm"	,"64.513mm"	,"38.9mm"	,"64.787mm"	,"38.9mm"	,"T"	,"180"	,"Yes"	,"100nF"	,
"BC72"	,"CL03A104KO3NNNC"	,"C0201"	,"73.013mm"	,"38.9mm"	,"73.013mm"	,"38.9mm"	,"73.287mm"	,"38.9mm"	,"T"	,"180"	,"Yes"	,"100nF"	,
"BC73"	,"CL03A104KO3NNNC"	,"C0201"	,"81.513mm"	,"38.9mm"	,"81.513mm"	,"38.9mm"	,"81.787mm"	,"38.9mm"	,"T"	,"180"	,"Yes"	,"100nF"	,
"BC74"	,"CL03A104KO3NNNC"	,"C0201"	,"90.013mm"	,"38.9mm"	,"90.013mm"	,"38.9mm"	,"90.287mm"	,"38.9mm"	,"T"	,"180"	,"Yes"	,"100nF"	,
"BC75"	,"CL03A104KO3NNNC"	,"C0201"	,"98.513mm"	,"38.9mm"	,"98.513mm"	,"38.9mm"	,"98.787mm"	,"38.9mm"	,"T"	,"180"	,"Yes"	,"100nF"	,
"BC76"	,"CL03A104KO3NNNC"	,"C0201"	,"107.013mm"	,"38.9mm"	,"107.013mm"	,"38.9mm"	,"107.287mm"	,"38.9mm"	,"T"	,"180"	,"Yes"	,"100nF"	,
"BC77"	,"CL03A104KO3NNNC"	,"C0201"	,"115.513mm"	,"38.9mm"	,"115.513mm"	,"38.9mm"	,"115.787mm"	,"38.9mm"	,"T"	,"180"	,"Yes"	,"100nF"	,
"BC78"	,"CL03A104KO3NNNC"	,"C0201"	,"124.013mm"	,"38.9mm"	,"124.013mm"	,"38.9mm"	,"124.287mm"	,"38.9mm"	,"T"	,"180"	,"Yes"	,"100nF"	,
"BC79"	,"CL03A104KO3NNNC"	,"C0201"	,"132.513mm"	,"38.9mm"	,"132.513mm"	,"38.9mm"	,"132.787mm"	,"38.9mm"	,"T"	,"180"	,"Yes"	,"100nF"	,
"BC80"	,"CL03A104KO3NNNC"	,"C0201"	,"141.013mm"	,"38.9mm"	,"141.013mm"	,"38.9mm"	,"141.287mm"	,"38.9mm"	,"T"	,"180"	,"Yes"	,"100nF"	,
"NEO81"	,"WS2815E"	,"LED-SMD_6P-L5.0-W5.0-TL"	,"9.263mm"	,"31.5mm"	,"9.263mm"	,"31.5mm"	,"11.663mm"	,"29.9mm"	,"T"	,"180"	,"Yes"	,"WS2815E"	,
"NEO82"	,"WS2815E"	,"LED-SMD_6P-L5.0-W5.0-TL"	,"17.763mm"	,"31.5mm"	,"17.763mm"	,"31.5mm"	,"20.163mm"	,"29.9mm"	,"T"	,"180"	,"Yes"	,"WS2815E"	,
"NEO83"	,"WS2815E"	,"LED-SMD_6P-L5.0-W5.0-TL"	,"26.263mm"	,"31.5mm"	,"26.263mm"	,"31.5mm"	,"28.663mm"	,"29.9mm"	,"T"	,"180"	,"Yes"	,"WS2815E"	,
"NEO84"	,"WS2815E"	,"LED-SMD_6P-L5.0-W5.0-TL"	,"34.763mm"	,"31.5mm"	,"34.763mm"	,"31.5mm"	,"37.163mm"	,"29.9mm"	,"T"	,"180"	,"Yes"	,"WS2815E"	,
"NEO85"	,"WS2815E"	,"LED-SMD_6P-L5.0-W5.0-TL"	,"43.263mm"	,"31.5mm"	,"43.263mm"	,"31.5mm"	,"45.663mm"	,"29.9mm"	,"T"	,"180"	,"Yes"	,"WS2815E"	,
"NEO86"	,"WS2815E"	,"LED-SMD_6P-L5.0-W5.0-TL"	,"51.763mm"	,"31.5mm"	,"51.763mm"	,"31.5mm"	,"54.163mm"	,"29.9mm"	,"T"	,"180"	,"Yes"	,"WS2815E"	,
"NEO87"	,"WS2815E"	,"LED-SMD_6P-L5.0-W5.0-TL"	,"60.263mm"	,"31.5mm"	,"60.263mm"	,"31.5mm"	,"62.663mm"	,"29.9mm"	,"T"	,"180"	,"Yes"	,"WS2815E"	,
"NEO88"	,"WS2815E"	,"LED-SMD_6P-L5.0-W5.0-TL"	,"68.763mm"	,"31.5mm"	,"68.763mm"	,"31.5mm"	,"71.163mm"	,"29.9mm"	,"T"	,"180"	,"Yes"	,"WS2815E"	,
"NEO89"	,"WS2815E"	,"LED-SMD_6P-L5.0-W5.0-TL"	,"77.263mm"	,"31.5mm"	,"77.263mm"	,"31.5mm"	,"79.663mm"	,"29.9mm"	,"T"	,"180"	,"Yes"	,"WS2815E"	,
"NEO90"	,"WS2815E"	,"LED-SMD_6P-L5.0-W5.0-TL"	,"85.763mm"	,"31.5mm"	,"85.763mm"	,"31.5mm"	,"88.163mm"	,"29.9mm"	,"T"	,"180"	,"Yes"	,"WS2815E"	,
"NEO91"	,"WS2815E"	,"LED-SMD_6P-L5.0-W5.0-TL"	,"94.263mm"	,"31.5mm"	,"94.263mm"	,"31.5mm"	,"96.663mm"	,"29.9mm"	,"T"	,"180"	,"Yes"	,"WS2815E"	,
"NEO92"	,"WS2815E"	,"LED-SMD_6P-L5.0-W5.0-TL"	,"102.763mm"	,"31.5mm"	,"102.763mm"	,"31.5mm"	,"105.163mm"	,"29.9mm"	,"T"	,"180"	,"Yes"	,"WS2815E"	,
"NEO93"	,"WS2815E"	,"LED-SMD_6P-L5.0-W5.0-TL"	,"111.263mm"	,"31.5mm"	,"111.263mm"	,"31.5mm"	,"113.663mm"	,"29.9mm"	,"T"	,"180"	,"Yes"	,"WS2815E"	,
"NEO94"	,"WS2815E"	,"LED-SMD_6P-L5.0-W5.0-TL"	,"119.763mm"	,"31.5mm"	,"119.763mm"	,"31.5mm"	,"122.163mm"	,"29.9mm"	,"T"	,"180"	,"Yes"	,"WS2815E"	,
"NEO95"	,"WS2815E"	,"LED-SMD_6P-L5.0-W5.0-TL"	,"128.263mm"	,"31.5mm"	,"128.263mm"	,"31.5mm"	,"130.663mm"	,"29.9mm"	,"T"	,"180"	,"Yes"	,"WS2815E"	,
"NEO96"	,"WS2815E"	,"LED-SMD_6P-L5.0-W5.0-TL"	,"136.763mm"	,"31.5mm"	,"136.763mm"	,"31.5mm"	,"139.163mm"	,"29.9mm"	,"T"	,"180"	,"Yes"	,"WS2815E"	,
"BC81"	,"CL03A104KO3NNNC"	,"C0201"	,"13.513mm"	,"29.9mm"	,"13.513mm"	,"29.9mm"	,"13.787mm"	,"29.9mm"	,"T"	,"180"	,"Yes"	,"100nF"	,
"BC82"	,"CL03A104KO3NNNC"	,"C0201"	,"22.013mm"	,"29.9mm"	,"22.013mm"	,"29.9mm"	,"22.287mm"	,"29.9mm"	,"T"	,"180"	,"Yes"	,"100nF"	,
"BC83"	,"CL03A104KO3NNNC"	,"C0201"	,"30.513mm"	,"29.9mm"	,"30.513mm"	,"29.9mm"	,"30.787mm"	,"29.9mm"	,"T"	,"180"	,"Yes"	,"100nF"	,
"BC84"	,"CL03A104KO3NNNC"	,"C0201"	,"39.013mm"	,"29.9mm"	,"39.013mm"	,"29.9mm"	,"39.287mm"	,"29.9mm"	,"T"	,"180"	,"Yes"	,"100nF"	,
"BC85"	,"CL03A104KO3NNNC"	,"C0201"	,"47.513mm"	,"29.9mm"	,"47.513mm"	,"29.9mm"	,"47.787mm"	,"29.9mm"	,"T"	,"180"	,"Yes"	,"100nF"	,
"BC86"	,"CL03A104KO3NNNC"	,"C0201"	,"56.013mm"	,"29.9mm"	,"56.013mm"	,"29.9mm"	,"56.287mm"	,"29.9mm"	,"T"	,"180"	,"Yes"	,"100nF"	,
"BC87"	,"CL03A104KO3NNNC"	,"C0201"	,"64.513mm"	,"29.9mm"	,"64.513mm"	,"29.9mm"	,"64.787mm"	,"29.9mm"	,"T"	,"180"	,"Yes"	,"100nF"	,
"BC88"	,"CL03A104KO3NNNC"	,"C0201"	,"73.013mm"	,"29.9mm"	,"73.013mm"	,"29.9mm"	,"73.287mm"	,"29.9mm"	,"T"	,"180"	,"Yes"	,"100nF"	,
"BC89"	,"CL03A104KO3NNNC"	,"C0201"	,"81.513mm"	,"29.9mm"	,"81.513mm"	,"29.9mm"	,"81.787mm"	,"29.9mm"	,"T"	,"180"	,"Yes"	,"100nF"	,
"BC90"	,"CL03A104KO3NNNC"	,"C0201"	,"90.013mm"	,"29.9mm"	,"90.013mm"	,"29.9mm"	,"90.287mm"	,"29.9mm"	,"T"	,"180"	,"Yes"	,"100nF"	,
"BC91"	,"CL03A104KO3NNNC"	,"C0201"	,"98.513mm"	,"29.9mm"	,"98.513mm"	,"29.9mm"	,"98.787mm"	,"29.9mm"	,"T"	,"180"	,"Yes"	,"100nF"	,
"BC92"	,"CL03A104KO3NNNC"	,"C0201"	,"107.013mm"	,"29.9mm"	,"107.013mm"	,"29.9mm"	,"107.287mm"	,"29.9mm"	,"T"	,"180"	,"Yes"	,"100nF"	,
"BC93"	,"CL03A104KO3NNNC"	,"C0201"	,"115.513mm"	,"29.9mm"	,"115.513mm"	,"29.9mm"	,"115.787mm"	,"29.9mm"	,"T"	,"180"	,"Yes"	,"100nF"	,
"BC94"	,"CL03A104KO3NNNC"	,"C0201"	,"124.013mm"	,"29.9mm"	,"124.013mm"	,"29.9mm"	,"124.287mm"	,"29.9mm"	,"T"	,"180"	,"Yes"	,"100nF"	,
"BC95"	,"CL03A104KO3NNNC"	,"C0201"	,"132.513mm"	,"29.9mm"	,"132.513mm"	,"29.9mm"	,"132.787mm"	,"29.9mm"	,"T"	,"180"	,"Yes"	,"100nF"	,
"BC96"	,"CL03A104KO3NNNC"	,"C0201"	,"141.013mm"	,"29.9mm"	,"141.013mm"	,"29.9mm"	,"141.287mm"	,"29.9mm"	,"T"	,"180"	,"Yes"	,"100nF"	,
"NEO97"	,"WS2815E"	,"LED-SMD_6P-L5.0-W5.0-TL"	,"9.263mm"	,"22.5mm"	,"9.263mm"	,"22.5mm"	,"11.663mm"	,"20.9mm"	,"T"	,"180"	,"Yes"	,"WS2815E"	,
"NEO98"	,"WS2815E"	,"LED-SMD_6P-L5.0-W5.0-TL"	,"17.763mm"	,"22.5mm"	,"17.763mm"	,"22.5mm"	,"20.163mm"	,"20.9mm"	,"T"	,"180"	,"Yes"	,"WS2815E"	,
"NEO99"	,"WS2815E"	,"LED-SMD_6P-L5.0-W5.0-TL"	,"26.263mm"	,"22.5mm"	,"26.263mm"	,"22.5mm"	,"28.663mm"	,"20.9mm"	,"T"	,"180"	,"Yes"	,"WS2815E"	,
"NEO100"	,"WS2815E"	,"LED-SMD_6P-L5.0-W5.0-TL"	,"34.763mm"	,"22.5mm"	,"34.763mm"	,"22.5mm"	,"37.163mm"	,"20.9mm"	,"T"	,"180"	,"Yes"	,"WS2815E"	,
"NEO101"	,"WS2815E"	,"LED-SMD_6P-L5.0-W5.0-TL"	,"43.263mm"	,"22.5mm"	,"43.263mm"	,"22.5mm"	,"45.663mm"	,"20.9mm"	,"T"	,"180"	,"Yes"	,"WS2815E"	,
"NEO102"	,"WS2815E"	,"LED-SMD_6P-L5.0-W5.0-TL"	,"51.763mm"	,"22.5mm"	,"51.763mm"	,"22.5mm"	,"54.163mm"	,"20.9mm"	,"T"	,"180"	,"Yes"	,"WS2815E"	,
"NEO103"	,"WS2815E"	,"LED-SMD_6P-L5.0-W5.0-TL"	,"60.263mm"	,"22.5mm"	,"60.263mm"	,"22.5mm"	,"62.663mm"	,"20.9mm"	,"T"	,"180"	,"Yes"	,"WS2815E"	,
"NEO104"	,"WS2815E"	,"LED-SMD_6P-L5.0-W5.0-TL"	,"68.763mm"	,"22.5mm"	,"68.763mm"	,"22.5mm"	,"71.163mm"	,"20.9mm"	,"T"	,"180"	,"Yes"	,"WS2815E"	,
"NEO105"	,"WS2815E"	,"LED-SMD_6P-L5.0-W5.0-TL"	,"77.263mm"	,"22.5mm"	,"77.263mm"	,"22.5mm"	,"79.663mm"	,"20.9mm"	,"T"	,"180"	,"Yes"	,"WS2815E"	,
"NEO106"	,"WS2815E"	,"LED-SMD_6P-L5.0-W5.0-TL"	,"85.763mm"	,"22.5mm"	,"85.763mm"	,"22.5mm"	,"88.163mm"	,"20.9mm"	,"T"	,"180"	,"Yes"	,"WS2815E"	,
"NEO107"	,"WS2815E"	,"LED-SMD_6P-L5.0-W5.0-TL"	,"94.263mm"	,"22.5mm"	,"94.263mm"	,"22.5mm"	,"96.663mm"	,"20.9mm"	,"T"	,"180"	,"Yes"	,"WS2815E"	,
"NEO108"	,"WS2815E"	,"LED-SMD_6P-L5.0-W5.0-TL"	,"102.763mm"	,"22.5mm"	,"102.763mm"	,"22.5mm"	,"105.163mm"	,"20.9mm"	,"T"	,"180"	,"Yes"	,"WS2815E"	,
"NEO109"	,"WS2815E"	,"LED-SMD_6P-L5.0-W5.0-TL"	,"111.263mm"	,"22.5mm"	,"111.263mm"	,"22.5mm"	,"113.663mm"	,"20.9mm"	,"T"	,"180"	,"Yes"	,"WS2815E"	,
"NEO110"	,"WS2815E"	,"LED-SMD_6P-L5.0-W5.0-TL"	,"119.763mm"	,"22.5mm"	,"119.763mm"	,"22.5mm"	,"122.163mm"	,"20.9mm"	,"T"	,"180"	,"Yes"	,"WS2815E"	,
"NEO111"	,"WS2815E"	,"LED-SMD_6P-L5.0-W5.0-TL"	,"128.263mm"	,"22.5mm"	,"128.263mm"	,"22.5mm"	,"130.663mm"	,"20.9mm"	,"T"	,"180"	,"Yes"	,"WS2815E"	,
"NEO112"	,"WS2815E"	,"LED-SMD_6P-L5.0-W5.0-TL"	,"136.763mm"	,"22.5mm"	,"136.763mm"	,"22.5mm"	,"139.163mm"	,"20.9mm"	,"T"	,"180"	,"Yes"	,"WS2815E"	,
"BC97"	,"CL03A104KO3NNNC"	,"C0201"	,"13.513mm"	,"20.9mm"	,"13.513mm"	,"20.9mm"	,"13.787mm"	,"20.9mm"	,"T"	,"180"	,"Yes"	,"100nF"	,
"BC98"	,"CL03A104KO3NNNC"	,"C0201"	,"22.013mm"	,"20.9mm"	,"22.013mm"	,"20.9mm"	,"22.287mm"	,"20.9mm"	,"T"	,"180"	,"Yes"	,"100nF"	,
"BC99"	,"CL03A104KO3NNNC"	,"C0201"	,"30.513mm"	,"20.9mm"	,"30.513mm"	,"20.9mm"	,"30.787mm"	,"20.9mm"	,"T"	,"180"	,"Yes"	,"100nF"	,
"BC100"	,"CL03A104KO3NNNC"	,"C0201"	,"39.013mm"	,"20.9mm"	,"39.013mm"	,"20.9mm"	,"39.287mm"	,"20.9mm"	,"T"	,"180"	,"Yes"	,"100nF"	,
"BC101"	,"CL03A104KO3NNNC"	,"C0201"	,"47.513mm"	,"20.9mm"	,"47.513mm"	,"20.9mm"	,"47.787mm"	,"20.9mm"	,"T"	,"180"	,"Yes"	,"100nF"	,
"BC102"	,"CL03A104KO3NNNC"	,"C0201"	,"56.013mm"	,"20.9mm"	,"56.013mm"	,"20.9mm"	,"56.287mm"	,"20.9mm"	,"T"	,"180"	,"Yes"	,"100nF"	,
"BC103"	,"CL03A104KO3NNNC"	,"C0201"	,"64.513mm"	,"20.9mm"	,"64.513mm"	,"20.9mm"	,"64.787mm"	,"20.9mm"	,"T"	,"180"	,"Yes"	,"100nF"	,
"BC104"	,"CL03A104KO3NNNC"	,"C0201"	,"73.013mm"	,"20.9mm"	,"73.013mm"	,"20.9mm"	,"73.287mm"	,"20.9mm"	,"T"	,"180"	,"Yes"	,"100nF"	,
"BC105"	,"CL03A104KO3NNNC"	,"C0201"	,"81.513mm"	,"20.9mm"	,"81.513mm"	,"20.9mm"	,"81.787mm"	,"20.9mm"	,"T"	,"180"	,"Yes"	,"100nF"	,
"BC106"	,"CL03A104KO3NNNC"	,"C0201"	,"90.013mm"	,"20.9mm"	,"90.013mm"	,"20.9mm"	,"90.287mm"	,"20.9mm"	,"T"	,"180"	,"Yes"	,"100nF"	,
"BC107"	,"CL03A104KO3NNNC"	,"C0201"	,"98.513mm"	,"20.9mm"	,"98.513mm"	,"20.9mm"	,"98.787mm"	,"20.9mm"	,"T"	,"180"	,"Yes"	,"100nF"	,
"BC108"	,"CL03A104KO3NNNC"	,"C0201"	,"107.013mm"	,"20.9mm"	,"107.013mm"	,"20.9mm"	,"107.287mm"	,"20.9mm"	,"T"	,"180"	,"Yes"	,"100nF"	,
"BC109"	,"CL03A104KO3NNNC"	,"C0201"	,"115.513mm"	,"20.9mm"	,"115.513mm"	,"20.9mm"	,"115.787mm"	,"20.9mm"	,"T"	,"180"	,"Yes"	,"100nF"	,
"BC110"	,"CL03A104KO3NNNC"	,"C0201"	,"124.013mm"	,"20.9mm"	,"124.013mm"	,"20.9mm"	,"124.287mm"	,"20.9mm"	,"T"	,"180"	,"Yes"	,"100nF"	,
"BC111"	,"CL03A104KO3NNNC"	,"C0201"	,"132.513mm"	,"20.9mm"	,"132.513mm"	,"20.9mm"	,"132.787mm"	,"20.9mm"	,"T"	,"180"	,"Yes"	,"100nF"	,
"BC112"	,"CL03A104KO3NNNC"	,"C0201"	,"141.013mm"	,"20.9mm"	,"141.013mm"	,"20.9mm"	,"141.287mm"	,"20.9mm"	,"T"	,"180"	,"Yes"	,"100nF"	,
"NEO113"	,"WS2815E"	,"LED-SMD_6P-L5.0-W5.0-TL"	,"9.263mm"	,"13.5mm"	,"9.263mm"	,"13.5mm"	,"11.663mm"	,"11.9mm"	,"T"	,"180"	,"Yes"	,"WS2815E"	,
"NEO114"	,"WS2815E"	,"LED-SMD_6P-L5.0-W5.0-TL"	,"17.763mm"	,"13.5mm"	,"17.763mm"	,"13.5mm"	,"20.163mm"	,"11.9mm"	,"T"	,"180"	,"Yes"	,"WS2815E"	,
"NEO115"	,"WS2815E"	,"LED-SMD_6P-L5.0-W5.0-TL"	,"26.263mm"	,"13.5mm"	,"26.263mm"	,"13.5mm"	,"28.663mm"	,"11.9mm"	,"T"	,"180"	,"Yes"	,"WS2815E"	,
"NEO116"	,"WS2815E"	,"LED-SMD_6P-L5.0-W5.0-TL"	,"34.763mm"	,"13.5mm"	,"34.763mm"	,"13.5mm"	,"37.163mm"	,"11.9mm"	,"T"	,"180"	,"Yes"	,"WS2815E"	,
"NEO117"	,"WS2815E"	,"LED-SMD_6P-L5.0-W5.0-TL"	,"43.263mm"	,"13.5mm"	,"43.263mm"	,"13.5mm"	,"45.663mm"	,"11.9mm"	,"T"	,"180"	,"Yes"	,"WS2815E"	,
"NEO118"	,"WS2815E"	,"LED-SMD_6P-L5.0-W5.0-TL"	,"51.763mm"	,"13.5mm"	,"51.763mm"	,"13.5mm"	,"54.163mm"	,"11.9mm"	,"T"	,"180"	,"Yes"	,"WS2815E"	,
"NEO119"	,"WS2815E"	,"LED-SMD_6P-L5.0-W5.0-TL"	,"60.263mm"	,"13.5mm"	,"60.263mm"	,"13.5mm"	,"62.663mm"	,"11.9mm"	,"T"	,"180"	,"Yes"	,"WS2815E"	,
"NEO120"	,"WS2815E"	,"LED-SMD_6P-L5.0-W5.0-TL"	,"68.763mm"	,"13.5mm"	,"68.763mm"	,"13.5mm"	,"71.163mm"	,"11.9mm"	,"T"	,"180"	,"Yes"	,"WS2815E"	,
"NEO121"	,"WS2815E"	,"LED-SMD_6P-L5.0-W5.0-TL"	,"77.263mm"	,"13.5mm"	,"77.263mm"	,"13.5mm"	,"79.663mm"	,"11.9mm"	,"T"	,"180"	,"Yes"	,"WS2815E"	,
"NEO122"	,"WS2815E"	,"LED-SMD_6P-L5.0-W5.0-TL"	,"85.763mm"	,"13.5mm"	,"85.763mm"	,"13.5mm"	,"88.163mm"	,"11.9mm"	,"T"	,"180"	,"Yes"	,"WS2815E"	,
"NEO123"	,"WS2815E"	,"LED-SMD_6P-L5.0-W5.0-TL"	,"94.263mm"	,"13.5mm"	,"94.263mm"	,"13.5mm"	,"96.663mm"	,"11.9mm"	,"T"	,"180"	,"Yes"	,"WS2815E"	,
"NEO124"	,"WS2815E"	,"LED-SMD_6P-L5.0-W5.0-TL"	,"102.763mm"	,"13.5mm"	,"102.763mm"	,"13.5mm"	,"105.163mm"	,"11.9mm"	,"T"	,"180"	,"Yes"	,"WS2815E"	,
"NEO125"	,"WS2815E"	,"LED-SMD_6P-L5.0-W5.0-TL"	,"111.263mm"	,"13.5mm"	,"111.263mm"	,"13.5mm"	,"113.663mm"	,"11.9mm"	,"T"	,"180"	,"Yes"	,"WS2815E"	,
"NEO126"	,"WS2815E"	,"LED-SMD_6P-L5.0-W5.0-TL"	,"119.763mm"	,"13.5mm"	,"119.763mm"	,"13.5mm"	,"122.163mm"	,"11.9mm"	,"T"	,"180"	,"Yes"	,"WS2815E"	,
"NEO127"	,"WS2815E"	,"LED-SMD_6P-L5.0-W5.0-TL"	,"128.263mm"	,"13.5mm"	,"128.263mm"	,"13.5mm"	,"130.663mm"	,"11.9mm"	,"T"	,"180"	,"Yes"	,"WS2815E"	,
"NEO128"	,"WS2815E"	,"LED-SMD_6P-L5.0-W5.0-TL"	,"136.763mm"	,"13.5mm"	,"136.763mm"	,"13.5mm"	,"139.163mm"	,"11.9mm"	,"T"	,"180"	,"Yes"	,"WS2815E"	,
"BC113"	,"CL03A104KO3NNNC"	,"C0201"	,"13.513mm"	,"11.9mm"	,"13.513mm"	,"11.9mm"	,"13.787mm"	,"11.9mm"	,"T"	,"180"	,"Yes"	,"100nF"	,
"BC114"	,"CL03A104KO3NNNC"	,"C0201"	,"22.013mm"	,"11.9mm"	,"22.013mm"	,"11.9mm"	,"22.287mm"	,"11.9mm"	,"T"	,"180"	,"Yes"	,"100nF"	,
"BC115"	,"CL03A104KO3NNNC"	,"C0201"	,"30.513mm"	,"11.9mm"	,"30.513mm"	,"11.9mm"	,"30.787mm"	,"11.9mm"	,"T"	,"180"	,"Yes"	,"100nF"	,
"BC116"	,"CL03A104KO3NNNC"	,"C0201"	,"39.013mm"	,"11.9mm"	,"39.013mm"	,"11.9mm"	,"39.287mm"	,"11.9mm"	,"T"	,"180"	,"Yes"	,"100nF"	,
"BC117"	,"CL03A104KO3NNNC"	,"C0201"	,"47.513mm"	,"11.9mm"	,"47.513mm"	,"11.9mm"	,"47.787mm"	,"11.9mm"	,"T"	,"180"	,"Yes"	,"100nF"	,
"BC118"	,"CL03A104KO3NNNC"	,"C0201"	,"56.013mm"	,"11.9mm"	,"56.013mm"	,"11.9mm"	,"56.287mm"	,"11.9mm"	,"T"	,"180"	,"Yes"	,"100nF"	,
"BC119"	,"CL03A104KO3NNNC"	,"C0201"	,"64.513mm"	,"11.9mm"	,"64.513mm"	,"11.9mm"	,"64.787mm"	,"11.9mm"	,"T"	,"180"	,"Yes"	,"100nF"	,
"BC120"	,"CL03A104KO3NNNC"	,"C0201"	,"73.013mm"	,"11.9mm"	,"73.013mm"	,"11.9mm"	,"73.287mm"	,"11.9mm"	,"T"	,"180"	,"Yes"	,"100nF"	,
"BC121"	,"CL03A104KO3NNNC"	,"C0201"	,"81.513mm"	,"11.9mm"	,"81.513mm"	,"11.9mm"	,"81.787mm"	,"11.9mm"	,"T"	,"180"	,"Yes"	,"100nF"	,
"BC122"	,"CL03A104KO3NNNC"	,"C0201"	,"90.013mm"	,"11.9mm"	,"90.013mm"	,"11.9mm"	,"90.287mm"	,"11.9mm"	,"T"	,"180"	,"Yes"	,"100nF"	,
"BC123"	,"CL03A104KO3NNNC"	,"C0201"	,"98.513mm"	,"11.9mm"	,"98.513mm"	,"11.9mm"	,"98.787mm"	,"11.9mm"	,"T"	,"180"	,"Yes"	,"100nF"	,
"BC124"	,"CL03A104KO3NNNC"	,"C0201"	,"107.013mm"	,"11.9mm"	,"107.013mm"	,"11.9mm"	,"107.287mm"	,"11.9mm"	,"T"	,"180"	,"Yes"	,"100nF"	,
"BC125"	,"CL03A104KO3NNNC"	,"C0201"	,"115.513mm"	,"11.9mm"	,"115.513mm"	,"11.9mm"	,"115.787mm"	,"11.9mm"	,"T"	,"180"	,"Yes"	,"100nF"	,
"BC126"	,"CL03A104KO3NNNC"	,"C0201"	,"124.013mm"	,"11.9mm"	,"124.013mm"	,"11.9mm"	,"124.287mm"	,"11.9mm"	,"T"	,"180"	,"Yes"	,"100nF"	,
"BC127"	,"CL03A104KO3NNNC"	,"C0201"	,"132.513mm"	,"11.9mm"	,"132.513mm"	,"11.9mm"	,"132.787mm"	,"11.9mm"	,"T"	,"180"	,"Yes"	,"100nF"	,
"BC128"	,"CL03A104KO3NNNC"	,"C0201"	,"141.013mm"	,"11.9mm"	,"141.013mm"	,"11.9mm"	,"141.287mm"	,"11.9mm"	,"T"	,"180"	,"Yes"	,"100nF"	,
"R1"	,"RTT014700FTH"	,"R0201"	,"5.8mm"	,"72.241mm"	,"5.8mm"	,"72.241mm"	,"5.8mm"	,"72mm"	,"T"	,"90"	,"Yes"	,"470Ω"	,
"CN1"	,"640456-2"	,"CONN-TH_KF2510-2A"	,"9.27mm"	,"72mm"	,"9.27mm"	,"72mm"	,"8mm"	,"72mm"	,"B"	,"180"	,"No"	,"640456-2"	,
"CN2"	,"640456-2"	,"CONN-TH_KF2510-2A"	,"136.77mm"	,"17.5mm"	,"136.77mm"	,"17.5mm"	,"138.04mm"	,"17.5mm"	,"B"	,"0"	,"No"	,"IN"	,
"CN0"	,"691137710002_"	,"SHDR2W70P0X500_1X2_1000X750X11"	,"136.9mm"	,"53.6mm"	,"134.4mm"	,"53.6mm"	,"134.4mm"	,"53.6mm"	,"B"	,"0"	,"No"	,"PWR"	,
"C1"	,"16ZLJ1000M8X20"	,"CAP-TH_BD8.0-P3.50-D0.6-FD_1"	,"123.7mm"	,"17.5mm"	,"123.7mm"	,"17.5mm"	,"125.45mm"	,"17.5mm"	,"B"	,"180"	,"No"	,"1000uF"	,
